file_name,split
Spain_Talk_1302593_69434295,0
United_Kingdom_Documentary_12337421_167662789,0
United_Kingdom_News_26115217_191527283,0
United_Kingdom_Documentary_17952568_176435426,0
France_News_25149629_168262789,0
Spain_News_6053530_126360030,0
Spain_Sports_27562715_197406147,0
France_Sports_21765216_161768868,0
France_Series_Films_21788332_162673374,0
United_Kingdom_Documentary_23774853_186533591,0
Germany_News_17600873_176265772,0
United_Kingdom_Entertainment_27595919_194603461,0
Germany_News_24847539_189948387,0
France_Documentary_20304476_160509258,0
Spain_Documentary_2570465_68783477,0
Spain_Entertainment_9309886_157391146,0
Germany_Entertainment_17707617_177226622,0
Spain_Series_Films_3289807_81514345,0
Spain_Series_Films_2470961_66365341,0
France_Talk_25147123_166302777,0
Germany_Documentary_25321473_191039827,0
Germany_Sports_23721607_188238593,0
France_Series_Films_21791768_165370417,0
Germany_Entertainment_18327730_178220774,0
United_Kingdom_Sports_22293120_182893513,0
United_Kingdom_Documentary_27586707_195475535,0
United_Kingdom_Series_Films_14825497_170850363,0
Germany_Documentary_9304710_157717816,0
Germany_Talk_18014020_177544324,0
France_Sports_26850365_187158309,0
Spain_Series_Films_27508757_196081437,0
United_Kingdom_Entertainment_17952574_176442614,0
France_Talk_26927709_179856898,0
United_Kingdom_News_27595265_191354573,0
France_Entertainment_27335167_182156517,0
Germany_Entertainment_20435182_181044446,0
France_Series_Films_21788932_163114286,0
France_News_25154131_171996607,0
United_Kingdom_Music_25482253_190880431,0
Germany_Entertainment_19038244_179033854,0
United_Kingdom_Sports_17222745_174523680,0
Spain_Children_1844479_68605831,0
Spain_Music_1835787_68621885,0
United_Kingdom_Documentary_11219616_166472551,0
United_Kingdom_Series_Films_11221346_166777825,0
Spain_Sports_5216300_117380332,0
Spain_Series_Films_2370257_64513293,0
Spain_News_2627795_70720431,0
France_News_27350169_181520425,0
France_News_21790278_164110094,0
Spain_Talk_819844_70215661,0
United_Kingdom_Music_27586745_195588973,0
United_Kingdom_Sports_27627189_199109773,0
France_Series_Films_21786156_161039724,0
France_Talk_20288142_156388270,0
Germany_Music_17910742_177374750,0
United_Kingdom_News_23775355_187803055,0
Spain_Sports_1550395_69066459,0
United_Kingdom_Sports_10489450_162978262,0
United_Kingdom_News_25482307_191053727,0
Spain_Documentary_2454575_66124825,0
Germany_News_12813849_169496791,0
United_Kingdom_Documentary_16484593_174073157,0
Spain_News_6221356_128299624,0
Spain_Children_105490_71039309,0
United_Kingdom_Talk_19527892_179421120,0
Spain_Sports_5310664_118107626,0
Spain_Entertainment_3395327_83211515,0
France_Documentary_24516017_167431475,0
France_Series_Films_21771424_160901504,0
Germany_Sports_23721487_187826935,0
France_Talk_20289108_157048192,0
France_News_26953843_176302568,0
France_Sports_26921097_173239665,0
Spain_Series_Films_13464865_167741609,0
Spain_News_5960832_124889582,0
Germany_Documentary_24848467_189973571,0
United_Kingdom_Series_Films_24608867_188588297,0
Spain_Sports_1382631_69309691,0
France_Entertainment_26943503_198321575,0
France_Sports_20298952_157565070,0
France_Series_Films_21758468_161572294,0
Germany_Sports_23714339_185626237,0
France_Talk_27332727_180261684,0
United_Kingdom_Sports_10576640_164488370,0
Germany_Entertainment_24847543_189956527,0
Spain_Children_4164864_96906588,0
France_Series_Films_21791388_165031920,0
Spain_Talk_3489395_84715083,0
Spain_Series_Films_1974857_68400153,0
Spain_Documentary_716436_70410151,0
France_Music_21763612_166174605,0
France_Entertainment_20285640_160004646,0
United_Kingdom_Series_Films_16486141_174183780,0
France_Documentary_26952739_175374874,0
Spain_Music_2995419_76848413,0
Spain_Entertainment_2090765_68205655,0
France_Children_27341763_181752819,0
United_Kingdom_Sports_15048471_170273403,0
United_Kingdom_Sports_11221002_165738565,0
United_Kingdom_Music_27585925_193200591,0
Spain_Music_1862149_68589669,0
France_Entertainment_21766252_162509774,0
Spain_News_4217110_97936868,0
France_Sports_26851007_188626911,0
France_Talk_25147625_166681769,0
Germany_News_16979459_175716088,0
Germany_Sports_23924759_189168157,0
France_Sports_26851521_189755597,0
United_Kingdom_News_10488146_162880294,0
United_Kingdom_Entertainment_27624451_198371137,0
United_Kingdom_News_9555008_161195100,0
United_Kingdom_Entertainment_27596403_196752513,0
Germany_Sports_23718511_187425973,0
Spain_Documentary_3214595_80348445,0
France_Music_21780528_166090043,0
United_Kingdom_Sports_13407289_168689295,0
France_Documentary_27341939_181902711,0
United_Kingdom_Children_24607359_188770375,0
Spain_Sports_4159066_96794446,0
France_Series_Films_21773456_162004692,0
Germany_News_21655460_183277217,0
Spain_Children_768050_70350631,0
France_Music_27349593_181194830,0
France_Music_20284160_158896032,0
United_Kingdom_News_17331475_175413668,0
Spain_Music_1528429_69094845,0
United_Kingdom_Entertainment_23774871_186569407,0
Spain_Talk_1422453_69249775,0
Germany_Entertainment_26683689_194447311,0
Spain_Series_Films_150284_71623261,0
Spain_Documentary_4042004_94553194,0
Germany_Entertainment_18734742_179071994,0
United_Kingdom_Series_Films_20989280_180829464,0
France_Talk_25153811_171746545,0
France_Music_21768228_163954010,0
France_Documentary_25152211_170389993,0
Spain_News_4548294_104903008,0
France_Music_21759596_162495206,0
Germany_Sports_18330634_178133188,0
Spain_News_1769643_68728741,0
France_News_27352765_183164165,0
Germany_Talk_17599875_176460660,0
Germany_Series_Films_16449197_171498201,0
United_Kingdom_Music_25482117_190434517,0
Germany_Talk_15434527_172681541,0
United_Kingdom_Documentary_24181443_188352051,0
Germany_Entertainment_10829244_166551661,0
France_News_21768812_164376934,0
Spain_Entertainment_155314_71121265,0
United_Kingdom_Music_25482155_190565037,0
Spain_Talk_175240_71028175,0
France_Documentary_26937473_174815932,0
Spain_Sports_6856367_134469529,0
United_Kingdom_Documentary_20675086_180824252,0
Spain_Music_3684923_88051743,0
France_Talk_26854489_190516169,0
Germany_News_9304526_157056126,0
Germany_Talk_17606951_176678712,0
France_Talk_27331027_178966964,0
Spain_News_4071798_95037832,0
Spain_Series_Films_3165773_79469917,0
United_Kingdom_Talk_12002452_167065591,0
United_Kingdom_Series_Films_9369136_160643288,0
Spain_Entertainment_453437_70750159,0
Germany_News_23816707_188987529,1
United_Kingdom_Music_27624409_198288287,1
Spain_Documentary_427169_70787799,1
Spain_Series_Films_25919237_190020959,1
France_Sports_27343217_183068311,1
Germany_Series_Films_23720709_185631713,1
France_Documentary_20302030_159233784,1
United_Kingdom_News_20671332_180713908,1
France_Children_24521125_171796983,1
United_Kingdom_Sports_19525680_178971888,1
France_Sports_24519959_170783673,1
United_Kingdom_Series_Films_27588655_194308389,1
United_Kingdom_Sports_19526878_179373798,1
Spain_Documentary_509632_70682367,1
Germany_Entertainment_18425468_178216492,1
Spain_Series_Films_27233447_193450079,1
France_Documentary_27353525_183618345,1
France_Sports_26932345_177186026,1
Spain_Documentary_2313911_67919619,1
France_Talk_27332765_180291032,1
Spain_Sports_2879079_75037479,1
Germany_Entertainment_10559200_166103367,1
France_Sports_26852047_207646477,1
France_Documentary_26854119_189650147,1
Spain_Sports_6111830_126945040,1
United_Kingdom_Entertainment_24607473_189082421,1
Germany_News_15434483_172553123,1
United_Kingdom_Music_27757083_199384257,1
Germany_Sports_25834633_192122465,1
France_Series_Films_21763946_160901502,1
United_Kingdom_Talk_27595905_194547245,1
Germany_Sports_23816713_189029057,1
France_Documentary_25149675_168301111,1
Spain_Children_962767_69963419,1
Germany_News_18020894_177446396,1
France_Entertainment_26852371_185885697,1
Spain_News_8657726_154313406,1
Spain_Children_2664525_71700835,1
United_Kingdom_Talk_17222789_174735242,1
Germany_Talk_16299247_173405089,1
France_Talk_26932797_177573512,1
United_Kingdom_Series_Films_24608937_188783541,1
United_Kingdom_Series_Films_27589849_197714349,1
United_Kingdom_Series_Films_27587281_197300681,1
Spain_Talk_681100_70458975,1
Germany_Series_Films_9538756_163131656,1
Germany_Entertainment_20692576_182072997,1
Germany_Documentary_23714581_186254563,1
France_Entertainment_27319907_179691808,1
Germany_Entertainment_24748291_190783349,1
France_News_26934769_173028473,1
Germany_News_11840054_168248365,1
Germany_Sports_19717296_179894628,1
France_Sports_27320405_180226152,1
Spain_News_5412600_119095302,1
Germany_Entertainment_18329872_176104918,1
France_Documentary_24514677_166292283,1
Germany_Series_Films_11291758_164429630,1
Spain_Sports_4850410_113424798,1
United_Kingdom_Series_Films_17223893_174783376,1
United_Kingdom_News_26636987_191163633,1
France_Documentary_26853383_188098361,1
Germany_Sports_23721605_188221597,1
France_Music_21780552_166113323,1
France_News_21787324_161919618,1
France_Series_Films_21775582_163195694,1
United_Kingdom_Sports_27596591_197591113,1
Germany_Entertainment_17398555_176616852,1
Germany_Talk_24434327_189642729,1
United_Kingdom_News_13410845_169417603,1
France_Series_Films_21759048_162085124,1
France_Series_Films_21776460_163632906,1
Spain_Children_3684533_88081357,1
Spain_Children_4123410_96104222,1
France_News_24519811_170681569,1
Germany_Sports_9541814_163805528,1
Germany_Talk_15039291_172242859,1
France_Entertainment_26923623_175807730,1
France_Music_21786798_161496042,1
Spain_Entertainment_6595202_132144152,1
United_Kingdom_Series_Films_11218546_166335893,1
United_Kingdom_Music_27757337_200146575,1
Spain_Documentary_3307029_81849597,1
United_Kingdom_News_27595851_194236951,1
United_Kingdom_Documentary_27586703_195455643,1
France_News_27352131_182733611,1
Spain_Talk_535574_70650089,1
Spain_Series_Films_146548_71418237,1
Spain_Sports_2584597_69463115,1
France_News_26934875_173082329,1
Germany_Series_Films_10251940_164691972,1
United_Kingdom_Entertainment_26328079_192309771,1
Spain_Entertainment_22196378_184688263,1
France_Entertainment_26856211_188289319,1
France_News_26934961_173120093,1
Spain_News_5675058_121453772,1
Germany_Sports_22208714_184561473,1
Spain_Sports_3679241_87980721,1
Germany_Series_Films_17502823_176670870,1
Spain_News_1893429_68528495,1
Spain_Talk_3454161_84153535,1
Germany_News_10305432_165613925,1
United_Kingdom_Series_Films_16371009_172905849,1
Germany_Talk_23714659_186450381,1
Spain_Children_1449007_69211921,1
France_Documentary_26856965_189888219,1
France_Music_27320367_180177970,1
United_Kingdom_Music_27624483_198488885,1
Spain_Music_716346_70415223,1
Spain_News_2926919_75762795,1
United_Kingdom_Series_Films_14825231_170231857,1
France_News_26850449_187369531,1
Spain_News_36468_71637617,1
United_Kingdom_Music_27586611_195179731,1
Germany_Series_Films_22209558_184649817,1
Germany_Entertainment_10303200_165171350,1
Spain_News_2867025_74862431,1
France_News_27332703_180241630,1
Spain_Series_Films_3324673_82139263,1
United_Kingdom_Talk_18466094_176987728,1
France_News_26935343_173459209,1
Spain_Children_2054729_68268655,1
Spain_Documentary_2890803_75221967,1
Germany_News_20328166_180868818,1
Spain_Series_Films_4526390_104423318,1
France_Music_21770876_166113321,1
Spain_Children_3042949_77584163,1
Spain_Documentary_3871325_91409655,1
United_Kingdom_Documentary_27591267_195486961,1
United_Kingdom_Entertainment_16003317_172226665,1
France_Talk_26927447_173368291,1
France_Talk_26854491_190520405,1
Spain_Sports_850954_70161387,1
France_Talk_27332611_180133702,1
Spain_Talk_2819875_74077983,1
Spain_Music_1682689_68876119,1
United_Kingdom_Talk_13128837_166635873,1
Germany_Children_14034643_170256653,1
Spain_Children_1449259_69213493,1
United_Kingdom_Series_Films_26221195_192373873,1
United_Kingdom_Series_Films_10490472_163573468,1
France_Documentary_27346127_179151160,1
United_Kingdom_Documentary_27595465_192412369,1
United_Kingdom_Documentary_16484649_174157712,1
United_Kingdom_Entertainment_27588915_195049451,1
Germany_News_20025116_180217918,1
Spain_Series_Films_2873031_74876431,1
Spain_Series_Films_1586489_69003947,1
France_Documentary_20289736_157441248,1
United_Kingdom_Entertainment_18670112_177545670,1
Germany_Documentary_24123999_188538143,1
France_News_26927705_173580375,1
France_Talk_26931317_176403406,1
Germany_Entertainment_17601781_176610030,1
United_Kingdom_Music_27586681_195376993,1
Spain_Entertainment_2542855_67871521,1
United_Kingdom_Music_24606389_188971213,1
France_Sports_27320151_179957026,1
United_Kingdom_Music_27624377_198161209,1
United_Kingdom_Series_Films_20675164_181048606,1
Spain_Children_524894_70664299,1
Germany_Entertainment_12972621_169694029,1
United_Kingdom_Talk_18770130_177712786,1
Germany_Series_Films_14811835_168351987,1
United_Kingdom_Documentary_16486115_174113307,1
Spain_Entertainment_20427986_178672254,2
Spain_Talk_3466001_84370405,2
United_Kingdom_Documentary_27586139_193846341,2
France_Series_Films_21791482_165124412,2
France_Music_21772914_161678040,2
Germany_Documentary_20329098_180894196,2
United_Kingdom_Music_26219275_191912955,2
Spain_Music_3383479_82985715,2
United_Kingdom_Talk_13407313_168819931,2
France_Music_26939579_176062760,2
Spain_Children_4211898_97850788,2
Germany_Series_Films_20031512_180168862,2
France_Sports_26925175_177290392,2
United_Kingdom_Music_27586043_193568731,2
France_Sports_26851333_189340825,2
United_Kingdom_Music_25482089_190347619,2
Spain_Music_1488135_69152383,2
Spain_Music_1998515_68354371,2
Spain_Music_3205925_80145303,2
Germany_Sports_25324273_191675971,2
Germany_Talk_23812163_188296153,2
United_Kingdom_News_26327921_191932589,2
Spain_Talk_142588_71652095,2
Spain_Music_483420_70714943,2
Spain_Series_Films_1669279_68888037,2
United_Kingdom_Music_26219375_192257653,2
Spain_Music_149544_71657347,2
France_News_21772972_161730190,2
France_Series_Films_27350847_181956143,2
Spain_Children_1510523_69117395,2
Germany_Entertainment_17707601_177166702,2
Spain_Children_721678_70405315,2
France_News_26924133_176269882,2
France_Documentary_26856191_188251623,2
France_Entertainment_27344445_184179059,2
United_Kingdom_Series_Films_9554678_161893718,2
Germany_Sports_24328379_188778219,2
United_Kingdom_Series_Films_27589751_197490119,2
Germany_Music_25731485_191776789,2
United_Kingdom_Series_Films_13409303_169158269,2
France_News_27345183_184875447,2
Spain_News_535338_70651005,2
France_Series_Films_21777960_164523966,2
Spain_Sports_804618_70236097,2
Germany_Documentary_19039186_179079700,2
Spain_Talk_1208981_69560381,2
United_Kingdom_Series_Films_23775013_186935067,2
Spain_Talk_2729021_72761895,2
Germany_Sports_23718467_187206575,2
Germany_Documentary_17399387_176609998,2
France_Music_21759636_162517156,2
France_Talk_20287284_155902854,2
Germany_Entertainment_26270435_190138871,2
Germany_News_13559853_167236375,2
France_Talk_25148605_167530845,2
France_Music_27351213_182185085,2
Spain_Talk_1158211_69630315,2
Germany_News_21914264_183728831,2
France_Talk_20294372_160595414,2
United_Kingdom_Entertainment_15795713_171591369,2
United_Kingdom_Documentary_9554988_161159560,2
Spain_Music_1946257_68445289,2
France_Sports_20310138_155857082,2
France_Talk_27330961_178908780,2
France_Documentary_24517841_168942413,2
Spain_Sports_7729824_145284172,2
Spain_Entertainment_108362_71577543,2
Germany_Talk_20441634_181146144,2
France_Music_21764376_161181910,2
Germany_Sports_10308210_165199814,2
United_Kingdom_Talk_20475908_180335512,2
United_Kingdom_Sports_23774005_185746925,2
United_Kingdom_Talk_27589653_197205601,2
United_Kingdom_News_23773021_186075323,2
United_Kingdom_Documentary_25482337_191168363,2
Germany_Talk_23818501_188305787,2
France_Music_21765692_162140666,2
France_Music_26922693_174903668,2
United_Kingdom_Series_Films_27663645_198801903,2
United_Kingdom_Sports_25688815_189445147,2
Spain_Talk_2807595_73913651,2
United_Kingdom_Entertainment_15045131_170656133,2
Spain_Talk_1678383_68877319,2
Germany_Entertainment_24431707_190225769,2
Germany_Sports_18323056_176739308,2
France_Music_21780542_166105759,2
Spain_Series_Films_2758875_73210629,2
Germany_Sports_24334911_189394625,2
United_Kingdom_Entertainment_11221294_166615677,2
United_Kingdom_Sports_27627263_199476061,2
France_Sports_26925087_177212432,2
Spain_Children_661012_70498229,2
France_Music_21773504_162045970,2
Spain_Documentary_1204239_69565429,2
United_Kingdom_News_19525674_178946084,2
France_News_27338899_179302670,2
Spain_Documentary_467718_70731321,2
United_Kingdom_Sports_27627221_199257579,2
United_Kingdom_Children_23776195_185619297,2
France_Entertainment_26851425_189546201,2
United_Kingdom_Music_27624337_198088821,2
France_Sports_20310032_155809352,2
France_Sports_27323905_183700083,2
Spain_Entertainment_3701867_88426631,2
United_Kingdom_Sports_13572733_169365779,2
France_Series_Films_21788916_163075334,2
France_Sports_26855443_186599361,2
France_Sports_26923571_175752336,2
France_News_26953765_176222038,2
Spain_Children_1168505_69612803,2
Spain_News_5265694_117776466,2
France_Entertainment_20290594_158020114,2
France_News_26852973_187233575,2
United_Kingdom_Music_27586151_193888227,2
Spain_Entertainment_1691757_68847861,2
United_Kingdom_Documentary_18466064_176871156,2
France_Sports_21787300_161912158,2
Spain_Children_172552_71504657,2
United_Kingdom_Sports_24607805_189879983,2
Germany_Sports_23721481_187801475,2
Spain_Talk_4176534_97175778,2
France_Sports_27322463_182245413,2
Germany_Documentary_25736983_191793867,2
United_Kingdom_Sports_17953982_175916878,2
Spain_Children_396457_70837163,2
Spain_Series_Films_3413181_83499919,2
Germany_Sports_21911594_184348757,2
Spain_Entertainment_5380842_118822386,2
Germany_Talk_21223468_182525341,2
Spain_News_3859193_91178247,2
Spain_News_1222437_69539385,2
Germany_Documentary_26684515_194315217,2
Spain_Music_2676439_71901117,2
Germany_Children_15034043_168805489,2
Germany_Talk_23721491_187860671,2
Spain_Children_1230943_69529555,2
Spain_Series_Films_2410041_65240921,2
United_Kingdom_Music_27586529_194979823,2
United_Kingdom_Entertainment_24606519_189375563,2
France_Documentary_26854023_189448743,2
France_Documentary_20297448_156855852,2
United_Kingdom_Entertainment_27757231_199795353,2
Spain_Documentary_509682_70677225,2
Spain_Documentary_2002573_68342241,2
Spain_News_6246088_128540620,2
Germany_Sports_15666965_173065461,2
France_Documentary_20283948_158691662,2
Germany_Talk_23157333_184955209,2
United_Kingdom_Entertainment_16899171_174410426,2
France_Talk_26853077_187478325,2
United_Kingdom_Documentary_22817535_183483643,2
Germany_Sports_26159283_190478129,2
France_Entertainment_26928725_174360148,2
France_Documentary_26923171_175359046,2
United_Kingdom_Entertainment_16687407_174159244,2
Germany_Series_Films_25067155_190588105,2
United_Kingdom_Documentary_16484509_173853649,2
Spain_Sports_4316344_100028314,2
United_Kingdom_Series_Films_27624543_198654573,2
United_Kingdom_Talk_24607277_188544613,2
Spain_Entertainment_11011254_164813976,2
France_Sports_24519215_170125783,2
Germany_Talk_16299305_173634949,2
Germany_News_23714679_186534787,2
United_Kingdom_Talk_23775255_187557699,2
France_Children_27341913_181882195,3
Germany_Sports_18730216_178512302,3
Germany_Series_Films_23715275_188245639,3
Spain_Talk_1369133_69325995,3
Spain_Series_Films_1573089_69033701,3
Spain_Documentary_2470937_66338769,3
Germany_Talk_26679663_192501869,3
Spain_Documentary_104692_71198951,3
United_Kingdom_News_27596089_195285351,3
United_Kingdom_Entertainment_22817539_183491915,3
Germany_Entertainment_21336758_183354577,3
Spain_Music_39704_71380299,3
Spain_Entertainment_11203804_165155324,3
United_Kingdom_Series_Films_10671292_164970542,3
Germany_Documentary_9539652_163341054,3
Germany_News_22211384_183943501,3
Germany_Series_Films_18731794_178456990,3
Germany_Sports_23721595_188187891,3
Spain_Talk_3507331_84992901,3
United_Kingdom_News_27596069_195197609,3
France_Music_21787140_161740370,3
Spain_Talk_2427975_65582865,3
Germany_Documentary_17297425_176221082,3
France_Documentary_20303602_160013278,3
Germany_Series_Films_17601693_176279154,3
France_Documentary_26953405_175923950,3
United_Kingdom_Documentary_17954366_177054922,3
Spain_Entertainment_680992_70457543,3
Spain_Sports_4001042_93820644,3
Spain_Music_2740831_72917991,3
United_Kingdom_Series_Films_21092422_181028948,3
United_Kingdom_Documentary_22924971_183536999,3
France_Series_Films_21761766_164404774,3
France_Series_Films_21761202_163870036,3
France_Talk_25147121_166295367,3
Spain_Talk_939149_70007495,3
France_Documentary_26852653_186490707,3
United_Kingdom_Talk_21890350_182742775,3
Spain_Series_Films_8350816_151473216,3
United_Kingdom_Music_27586483_194890427,3
Germany_Talk_23715189_187965037,3
Spain_Documentary_10744486_164074406,3
United_Kingdom_Documentary_25483387_191197589,3
Spain_Series_Films_1595529_68995239,3
United_Kingdom_Talk_15452791_170987827,3
United_Kingdom_News_27596627_197751837,3
United_Kingdom_Music_27586089_193686613,3
Germany_Sports_10308206_165180880,3
Spain_Series_Films_4030078_94347328,3
Germany_Talk_19143940_179176722,3
France_Documentary_26853911_189196005,3
United_Kingdom_Sports_10577664_164268614,3
France_Talk_25150253_168844191,3
Spain_Entertainment_7489568_140493952,3
Germany_Talk_16299227_173358683,3
France_Entertainment_27333283_180685154,3
Spain_Sports_4443152_102725092,3
France_Sports_21758602_161729000,3
France_Talk_25153853_171783145,3
Spain_News_26347625_189991653,3
United_Kingdom_Documentary_14825183_170082715,3
Germany_Talk_20334628_180945858,3
France_Music_21767684_163564860,3
France_News_21762240_164863260,3
France_Talk_20289970_157587084,3
Spain_Talk_3289697_81537483,3
Germany_Talk_26680085_193826727,3
United_Kingdom_Series_Films_26327755_191452045,3
Spain_Entertainment_4244834_98451488,3
France_Music_21792188_165675939,3
Spain_Documentary_2525257_67513659,3
Germany_Series_Films_21653646_184026693,3
United_Kingdom_Documentary_9555602_162549834,3
Germany_Documentary_9304294_156259888,3
France_Documentary_24521299_171990505,3
United_Kingdom_News_26218279_192155759,3
France_Talk_26930943_176142236,3
Spain_Documentary_1879795_68562521,3
Spain_Series_Films_3459851_84304629,3
United_Kingdom_Series_Films_9369246_160850246,3
France_Entertainment_26852365_185837347,3
France_Music_21786670_161404374,3
France_Music_21764738_161413144,3
United_Kingdom_Sports_25892973_191314419,3
Spain_Talk_2477355_66491919,3
Germany_Sports_23718869_188565379,3
France_Talk_27336887_183819027,3
Spain_Documentary_115436_71055717,3
France_Entertainment_26925859_177898170,3
Germany_Entertainment_22735363_184783895,3
France_Entertainment_26856525_188962963,3
France_Series_Films_21788978_163171382,3
Spain_Documentary_3447959_84041687,3
France_Music_21767278_163302942,3
France_Entertainment_20286988_155689174,3
Spain_Music_1351171_69352783,3
United_Kingdom_Entertainment_21306534_181622857,3
United_Kingdom_News_23773039_186182379,3
France_Talk_26851559_189856415,3
United_Kingdom_Talk_11379938_166440583,3
Germany_Documentary_13562575_170551829,3
Spain_Children_4159060_96780394,3
United_Kingdom_Series_Films_9366810_155631984,3
Germany_Series_Films_15039209_171946857,3
United_Kingdom_Entertainment_27625015_198210957,3
United_Kingdom_Entertainment_23240021_183652907,3
Spain_News_2909287_75463897,3
France_Entertainment_26856971_189906713,3
France_Series_Films_21764232_161074418,3
France_Sports_27324109_183915075,3
Spain_Music_1063049_69782149,3
Spain_Music_3986008_93485490,3
France_Sports_27355301_184819375,3
Spain_Music_112216_71419217,3
Spain_Entertainment_2676365_71959483,3
United_Kingdom_Children_23776321_185993077,3
United_Kingdom_News_21529156_182538913,3
France_Documentary_20279986_155664302,3
Germany_Documentary_21805330_183547449,3
France_Entertainment_21777038_163946778,3
France_Documentary_20295874_156078372,3
United_Kingdom_Talk_20475990_180564646,3
France_Series_Films_21776390_163579794,3
United_Kingdom_News_15045143_170690315,3
United_Kingdom_Entertainment_9555010_161201282,3
Spain_Sports_8188084_150670410,3
United_Kingdom_Talk_9368752_159785440,3
Spain_Entertainment_20320842_181084200,3
France_Sports_27318993_178852038,3
Spain_Sports_4607750_105865242,3
France_Documentary_26921649_198322151,3
Spain_Documentary_1713429_68814855,3
Spain_Talk_144158_71564207,3
United_Kingdom_Talk_18466090_176966570,3
Spain_Sports_1333449_69387211,3
Spain_Sports_1413743_69260681,3
Germany_Talk_16343145_174256004,3
France_Documentary_20283332_158209224,3
Germany_News_25736833_191419289,3
Spain_Music_478420_70721601,3
Spain_Talk_721696_70406395,3
France_News_27321991_181815827,3
Germany_Entertainment_12813835_169441905,3
Germany_Series_Films_21808824_184132763,3
Germany_Series_Films_17601061_173661671,3
Spain_Entertainment_7623304_143465856,3
France_Talk_25152127_170320899,3
Germany_Talk_24123157_188793977,3
United_Kingdom_News_21420596_182100433,3
France_Talk_26928265_214727681,3
United_Kingdom_Documentary_23775365_187837105,3
Germany_Series_Films_11297510_167597839,3
Germany_Sports_23718513_187433941,3
United_Kingdom_News_24486407_188906895,3
Spain_Entertainment_20319014_179550378,3
United_Kingdom_Talk_16483571_173360447,3
France_Music_26934343_172736681,3
France_Documentary_20300964_158665674,3
Spain_Children_4443078_102686116,3
Spain_Talk_2533961_67649749,3
United_Kingdom_News_11119238_165621607,3
Spain_Documentary_1094873_69729051,3
Germany_Series_Films_20028966_181143202,3
Spain_Children_1726089_68798441,3
France_Talk_20293604_160027652,3
United_Kingdom_Series_Films_24606435_189104643,4
Germany_Entertainment_13120433_169852861,4
France_Sports_24517659_168819939,4
France_Series_Films_21771890_161139880,4
Spain_Series_Films_5660086_121388352,4
United_Kingdom_Entertainment_24606297_188607529,4
France_Talk_20290984_158295010,4
Germany_News_9305352_160034740,4
United_Kingdom_Talk_9555004_161180736,4
France_Entertainment_21769878_165233096,4
France_News_21788732_162928398,4
United_Kingdom_Documentary_23776307_185945389,4
United_Kingdom_Talk_10578508_164300052,4
Germany_Entertainment_23714871_187017341,4
Germany_Sports_23714479_185985003,4
France_Series_Films_21792778_166203313,4
Spain_Sports_5163076_116901028,4
United_Kingdom_Documentary_15797973_172442067,4
France_Entertainment_27355225_184792297,4
United_Kingdom_Music_26428763_191213139,4
Spain_Children_624346_70537309,4
France_Series_Films_21763718_166244843,4
France_Entertainment_27334679_181796613,4
Spain_Talk_2819601_74146043,4
Germany_Entertainment_23718789_188287959,4
United_Kingdom_Talk_12981553_168306091,4
United_Kingdom_Talk_18772180_178021082,4
Spain_Series_Films_5023000_115933426,4
France_Sports_26922529_174738392,4
United_Kingdom_Talk_20476682_180033178,4
Germany_Music_26472561_193244869,4
Spain_Talk_170504_140316376,4
France_Music_21766230_162495210,4
United_Kingdom_News_27596391_196716629,4
France_Series_Films_21778476_164847384,4
Germany_Documentary_10559190_166061149,4
United_Kingdom_Talk_13572727_169329293,4
United_Kingdom_News_10488446_163912870,4
France_Sports_26850333_187070511,4
France_Music_21771346_160869688,4
Germany_Documentary_23714335_185626237,4
Germany_Entertainment_26680045_193726279,4
United_Kingdom_Documentary_25791679_190508265,4
Spain_Series_Films_8655964_154282018,4
France_Documentary_26853069_187455775,4
Germany_Entertainment_23923959_189264821,4
United_Kingdom_News_14045491_169464701,4
Germany_News_10743874_166178809,4
France_Music_26851981_207644913,4
United_Kingdom_Sports_17334847_174492182,4
Germany_Documentary_9541734_163580910,4
France_Music_27321353_181194832,4
United_Kingdom_Entertainment_10490688_164046464,4
Spain_Sports_736844_70387615,4
Germany_Sports_17806447_177155002,4
Germany_News_11297398_167262815,4
Spain_Documentary_4478530_103444906,4
Spain_Talk_1364561_69331987,4
Germany_Entertainment_20805350_182367967,4
Spain_Sports_2707015_72381545,4
United_Kingdom_Series_Films_27589475_196660265,4
Germany_Entertainment_16299215_173311913,4
France_Music_21771320_160869688,4
United_Kingdom_Music_24606555_189508545,4
United_Kingdom_Sports_19525634_178838402,4
Spain_Sports_2921043_75671021,4
France_News_26860137_186620439,4
Spain_Talk_3330655_82183431,4
Germany_Sports_18322986_176560424,4
France_Music_20300304_158294998,4
France_Series_Films_21763200_165808729,4
United_Kingdom_Documentary_14825531_170959759,4
United_Kingdom_Entertainment_10576622_164378402,4
United_Kingdom_Sports_27591427_196017481,4
United_Kingdom_Documentary_16373497_171912525,4
France_Music_26851893_190773785,4
United_Kingdom_Music_26219403_192334175,4
France_Entertainment_20284458_159114574,4
Spain_Sports_26814179_191440767,4
France_Music_21792412_165880725,4
Spain_Children_768144_70346989,4
Germany_Series_Films_16299109_172998893,4
Germany_Talk_17806425_177108568,4
Germany_Entertainment_23719511_187780031,4
United_Kingdom_Sports_9554638_161772832,4
Spain_Music_3436621_83869495,4
Germany_Sports_15666963_173065461,4
France_Talk_26853169_187672885,4
France_Sports_20310030_155796448,4
Spain_Talk_1271305_69475943,4
United_Kingdom_Sports_10490388_163417876,4
Germany_Talk_16868385_175266796,4
France_Talk_20292350_159219268,4
France_Entertainment_26933911_178436456,4
Germany_Talk_26471707_193294343,4
Spain_Talk_1764977_68736409,4
France_Documentary_25150137_168758271,4
United_Kingdom_Talk_27589487_196687381,4
Spain_Series_Films_2292471_67940477,4
United_Kingdom_Sports_25482047_190149247,4
Spain_Sports_8488136_153684484,4
United_Kingdom_Documentary_10490368_163364808,4
United_Kingdom_Sports_24288035_187994183,4
United_Kingdom_Music_26116085_191298257,4
United_Kingdom_Entertainment_27586247_194142355,4
Germany_Documentary_18324582_177984284,4
France_Sports_26925089_177212432,4
United_Kingdom_Documentary_26530311_192711177,4
France_News_24516233_167617655,4
Spain_Series_Films_7183167_138170323,4
France_News_21774968_162825008,4
Germany_News_9304832_158080160,4
Germany_Talk_19044676_179048616,4
Germany_Talk_23715011_187363893,4
Germany_News_25426153_191988395,4
Spain_Children_41490_71021551,4
United_Kingdom_Sports_27664027_200085447,4
Germany_Series_Films_9539294_161956634,4
Germany_News_17813417_177176336,4
France_Series_Films_21791350_164973908,4
France_News_20315732_160135796,4
United_Kingdom_Sports_12337297_167191229,4
United_Kingdom_Series_Films_14825277_170366941,4
United_Kingdom_Entertainment_19529294_178965554,4
Spain_News_4030006_94312924,4
United_Kingdom_Music_27587413_197761791,4
Germany_Entertainment_23718499_187393845,4
Spain_News_6639950_132631200,4
Germany_Series_Films_22731295_182725761,4
Germany_Entertainment_20025036_179983292,4
Spain_Sports_1475645_69167543,4
United_Kingdom_Sports_17950510_175955308,4
France_Talk_20294546_160722582,4
Germany_Series_Films_16861261_174945818,4
United_Kingdom_Music_25482287_191004333,4
United_Kingdom_Sports_26327773_191537187,4
Spain_Series_Films_1235809_69518861,4
Germany_News_26478091_193411379,4
United_Kingdom_Music_27586115_193760957,4
United_Kingdom_Entertainment_14823261_170119795,4
Germany_Talk_17606821_176308606,4
Spain_Documentary_1769233_68729499,4
United_Kingdom_Talk_11218588_166471165,4
Spain_Children_4298878_99673180,4
Spain_Sports_2618031_70381235,4
Spain_Series_Films_925819_70048385,4
France_Documentary_20281574_156854672,4
United_Kingdom_Music_27586183_193972187,4
France_Sports_21780138_165830389,4
France_Series_Films_21780166_165839075,4
Germany_Children_16340597_171261775,4
United_Kingdom_News_25379199_188465359,4
Germany_Sports_23157207_184597537,4
United_Kingdom_Entertainment_11219714_166730341,4
France_Entertainment_21764658_161370436,4
France_News_26923045_175232946,4
France_Entertainment_27339345_179682458,4
Germany_Documentary_20332734_181469401,4
France_Sports_20289098_157041234,4
United_Kingdom_News_13128849_166681763,4
France_Music_21786290_161141152,4
Germany_Documentary_24851989_189939967,4
Spain_Sports_3202583_80048295,4
France_Series_Films_21773322_161939404,4
United_Kingdom_Talk_9367780_157669728,4
Spain_News_2897207_75235251,5
Spain_Music_2843669_74432035,5
Germany_Talk_12816717_169546425,5
France_Series_Films_21771480_160946134,5
United_Kingdom_Music_27757119_199497093,5
France_Entertainment_20292648_159451858,5
France_Documentary_26928147_173939039,5
United_Kingdom_News_24288027_187959975,5
Spain_Series_Films_7964836_147699204,5
Germany_Talk_23715065_187563031,5
United_Kingdom_Children_23776191_185619297,5
France_News_21788688_162889102,5
United_Kingdom_Talk_27624987_198128529,5
United_Kingdom_Sports_17223843_174505698,5
United_Kingdom_Documentary_10578542_164448270,5
Germany_News_25428779_191233821,5
France_Sports_27320387_180222020,5
United_Kingdom_News_10498740_164063848,5
France_Music_21767336_163343578,5
United_Kingdom_Talk_27627105_198609253,5
Germany_Sports_23714487_186016975,5
France_Music_21773370_161964048,5
Germany_Talk_24854029_190395073,5
Spain_News_3012925_77056243,5
Germany_News_16451961_174805948,5
Spain_Children_903972_70082607,5
United_Kingdom_Music_27757265_199935333,5
United_Kingdom_Talk_27589409_196439239,5
France_Music_21773488_162045970,5
France_Documentary_20286802_155569166,5
Spain_Entertainment_18520204_176511746,5
Germany_Sports_24334919_189438211,5
France_Documentary_20313130_158211430,5
United_Kingdom_Entertainment_9368874_160077504,5
Germany_Series_Films_25426111_191845781,5
Germany_News_24228981_189168155,5
Spain_Music_3824295_90530653,5
France_Sports_26926225_178225196,5
Germany_Entertainment_18841286_179269350,5
United_Kingdom_Series_Films_23873695_187604643,5
France_Talk_20289182_157104486,5
France_News_20288098_156373170,5
Germany_Documentary_19144896_179289978,5
United_Kingdom_Documentary_23870891_185931971,5
Spain_Children_4048130_94634474,5
Spain_Series_Films_24525453_187229255,5
Spain_Children_4200142_97612174,5
Germany_Documentary_24124111_188893861,5
Germany_News_13727953_170771653,5
Spain_Entertainment_509772_70678045,5
France_News_25151673_169914695,5
France_Documentary_26853605_207651469,5
France_Series_Films_21787244_161827338,5
United_Kingdom_News_13572707_169246103,5
Germany_Sports_26477847_192737915,5
Germany_Documentary_26472555_193228097,5
Spain_Documentary_116366_70925611,5
Germany_Documentary_19823728_177588780,5
Spain_Entertainment_566792_70607189,5
France_News_27325031_184816743,5
Germany_Series_Films_23720675_185566159,5
United_Kingdom_Talk_23774739_186263015,5
France_Sports_27353797_183767985,5
Spain_Sports_4526308_104524486,5
United_Kingdom_Documentary_27586059_193618701,5
United_Kingdom_Talk_23773263_187039239,5
Spain_Documentary_2945041_75982425,5
United_Kingdom_Series_Films_19529256_178859544,5
France_Series_Films_21761264_163909560,5
Germany_News_23714455_185937047,5
Spain_News_3079347_78122251,5
United_Kingdom_Talk_27625147_198537475,5
France_Entertainment_26852387_185918373,5
United_Kingdom_Music_27586371_194586581,5
France_Music_26926149_178162148,5
Spain_Sports_4889200_113780892,5
United_Kingdom_Talk_27624541_198654573,5
France_Sports_20314832_159504868,5
United_Kingdom_Entertainment_9554722_162063330,5
Spain_Series_Films_7225973_137990251,5
Germany_News_23715191_187965037,5
Germany_Entertainment_26062445_190194813,5
United_Kingdom_Music_27586569_195106445,5
Spain_Music_2256473_67987305,5
Spain_Music_1769629_68732135,5
Spain_Children_592944_70578775,5
United_Kingdom_Documentary_10492210_164023508,5
Spain_News_27677463_197341319,5
United_Kingdom_Series_Films_23776331_186009107,5
Germany_Entertainment_23056033_185364825,5
United_Kingdom_Sports_19526868_179358968,5
Spain_Sports_1369137_69325861,5
France_Sports_27339907_180229864,5
Germany_Documentary_19042570_178645248,5
Spain_Sports_3237523_80763457,5
Germany_Sports_26062457_190248193,5
France_Series_Films_21778968_165128996,5
United_Kingdom_Documentary_17224971_175505794,5
Spain_Music_3430495_83779431,5
Germany_Talk_13727897_170636535,5
Spain_Entertainment_4105358_95816992,5
France_Series_Films_21778612_164930516,5
Spain_Children_691294_70443841,5
Germany_Entertainment_9538752_163124174,5
France_Entertainment_27320875_180680938,5
Spain_Talk_1595653_68996397,5
Spain_News_3973726_93350988,5
Germany_Sports_23721489_187843891,5
France_Talk_27331837_179519536,5
France_Talk_26932703_177490428,5
France_Talk_26929567_175102738,5
Germany_Entertainment_21446362_180185770,5
Germany_Series_Films_20193458_181254407,5
France_Series_Films_21765762_162178746,5
France_Talk_26933053_177750980,5
Germany_Documentary_10741924_166509981,5
Germany_News_26471697_193253345,5
United_Kingdom_Series_Films_9368738_159763818,5
Spain_Children_3237547_80792011,5
France_Talk_26850329_187052907,5
France_News_26942467_177703900,5
Germany_News_18733924_179124698,5
Germany_News_21649190_183343669,5
Spain_Documentary_716414_70412671,5
Germany_News_13123255_169855263,5
United_Kingdom_Music_10577744_164569834,5
Spain_Documentary_2989781_76718673,5
Germany_Sports_24123111_188665991,5
France_Documentary_26921547_173648305,5
Spain_Documentary_4042012_94566012,5
Spain_Music_498948_70695501,5
Germany_Series_Films_24547993_187686179,5
United_Kingdom_Music_27586253_194176669,5
France_Music_21759670_162569718,5
France_Entertainment_26852933_187159519,5
Germany_News_9541702_163515094,5
Germany_News_10249100_164830350,5
Germany_Series_Films_25221263_190816535,5
France_Music_21760050_162886636,5
United_Kingdom_Entertainment_15045139_170678743,5
United_Kingdom_Entertainment_16371965_172604059,5
Spain_Talk_146706_71392395,5
Germany_News_10743944_166379983,5
France_Entertainment_21767850_163688858,5
Spain_Children_4087566_95248552,5
France_News_24520273_171095925,5
Germany_Entertainment_9538710_162975822,5
France_Series_Films_21759200_162182314,5
Germany_Sports_23721485_187826935,5
Spain_Talk_2688773_72147573,5
Spain_Series_Films_6821128_134635515,5
Germany_Sports_23924761_189209527,5
France_Entertainment_20280892_156317122,5
Germany_Series_Films_21810732_183624075,5
France_Music_21757526_160832530,5
United_Kingdom_News_23775049_187026669,5
Germany_Sports_21649048_182953611,5
United_Kingdom_Series_Films_25481099_190690739,5
Germany_Documentary_9304264_156167808,5
France_Entertainment_21768228_163954010,5
France_Series_Films_21762852_165464715,5
Spain_News_4344564_100532118,5
Spain_Series_Films_1687081_68862117,5
United_Kingdom_Series_Films_16371875_172319949,5
Spain_Series_Films_3748399_89270053,5
France_News_27354299_184127457,6
Spain_Entertainment_966839_69952625,6
France_Series_Films_21769866_165214202,6
United_Kingdom_Sports_12337289_167166105,6
Germany_Entertainment_23056899_185422099,6
Spain_Talk_488450_70707355,6
France_Music_21765146_161730192,6
France_Documentary_26926865_172835475,6
France_Entertainment_26856911_189788957,6
France_Entertainment_25154095_171987297,6
Spain_Documentary_2618177_70342855,6
United_Kingdom_Entertainment_9369264_160922672,6
United_Kingdom_Documentary_10759250_165490691,6
United_Kingdom_Talk_16484471_173680215,6
France_Talk_26852979_187280103,6
Germany_Documentary_10560030_166096935,6
United_Kingdom_Documentary_10489618_163430188,6
France_Talk_27332833_180347730,6
Germany_Children_20026014_180173044,6
Germany_News_20188908_180693990,6
Spain_Children_156602_70919263,6
Spain_Series_Films_4852246_112852972,6
Spain_Documentary_4543808_104864940,6
United_Kingdom_Talk_10669838_164809512,6
United_Kingdom_Entertainment_23774349_186809409,6
Germany_Talk_10251680_163988662,6
Germany_News_26683667_194315203,6
Spain_Entertainment_4135052_96369070,6
Spain_Sports_582822_70589825,6
Spain_Children_1479905_69161591,6
France_Entertainment_25151545_169841631,6
France_News_21777094_163962772,6
France_Entertainment_26852483_186109487,6
Germany_Documentary_24848579_190336427,6
Spain_News_1559731_69051249,6
France_Series_Films_21787746_162210836,6
Spain_Documentary_1217815_69549179,6
France_Talk_26931055_176222040,6
United_Kingdom_Talk_23773261_187030979,6
Germany_Sports_19248860_180133482,6
United_Kingdom_Documentary_27586817_195907077,6
United_Kingdom_Series_Films_27589779_197515691,6
Spain_Talk_835760_70185439,6
Spain_Documentary_2676281_71916883,6
Germany_Entertainment_13559855_167236375,6
France_Children_27339419_179708792,6
France_Entertainment_20297804_157041238,6
France_Children_27341761_181728689,6
Spain_News_427127_70785959,6
France_News_27347911_180228738,6
France_Sports_20297862_157055082,6
Germany_Sports_23715019_187396315,6
Germany_Documentary_23715533_186203835,6
France_Series_Films_21763592_166156635,6
United_Kingdom_News_23772981_185927851,6
Germany_Series_Films_11295464_167607599,6
Spain_Children_741614_70384063,6
Spain_Documentary_372768_70871445,6
Spain_Sports_1572983_69034321,6
Spain_Talk_998035_69893111,6
United_Kingdom_Music_27624449_198371137,6
Germany_Series_Films_18942604_179427684,6
Spain_Music_1778209_68719265,6
France_Series_Films_21768004_163769190,6
United_Kingdom_Entertainment_16591145_173503113,6
Spain_Sports_1959563_68415655,6
Germany_Documentary_20025972_180043756,6
Germany_Talk_23157315_184923221,6
United_Kingdom_Music_27586381_194609125,6
United_Kingdom_Sports_18669250_177316168,6
France_News_26852451_186035089,6
United_Kingdom_Series_Films_27591961_197778435,6
France_Documentary_20291266_158439138,6
France_Music_21771886_161139880,6
France_Entertainment_21789210_163308438,6
Spain_Music_1639449_68937983,6
Spain_Series_Films_7052891_136595859,6
France_Documentary_26930221_175570980,6
United_Kingdom_Sports_9367162_156410386,6
Spain_News_6562938_131115204,6
Spain_Entertainment_8396410_152157026,6
United_Kingdom_Music_27587041_196643289,6
United_Kingdom_Documentary_9368612_159533664,6
France_Documentary_26854135_189685917,6
France_Sports_20301940_159166868,6
Spain_Documentary_3120397_78821405,6
Spain_Children_4448908_103030602,6
Spain_Sports_3155491_79349417,6
Germany_Entertainment_23718143_186141171,6
Spain_Documentary_4258352_98786968,6
Germany_Entertainment_26582553_194118527,6
France_Entertainment_21764640_161356144,6
France_News_26855459_186620455,6
Spain_News_588102_70584275,6
United_Kingdom_Sports_27590859_194224563,6
Spain_Series_Films_2977835_76555493,6
Spain_News_7957058_147564348,6
Spain_Sports_8067668_149466718,6
United_Kingdom_News_13129279_168422335,6
United_Kingdom_Documentary_17224961_175465552,6
United_Kingdom_Talk_25482275_190945267,6
United_Kingdom_Talk_9367614_157347982,6
Germany_Documentary_20026132_180500238,6
France_Entertainment_20281388_156705286,6
Spain_Children_4048128_94634474,6
Germany_Entertainment_9539756_163725872,6
Germany_Documentary_24124067_188756767,6
Spain_Music_2432553_65651057,6
Germany_Talk_17599865_176416380,6
United_Kingdom_Talk_10490642_163876754,6
United_Kingdom_Documentary_10492088_163665858,6
Germany_Entertainment_26475357_193961149,6
France_News_27349121_180909960,6
Spain_Entertainment_2063603_68259057,6
Spain_Entertainment_6660150_132166538,6
Germany_News_20025986_180077642,6
Spain_Talk_1258165_69490057,6
Spain_Music_2305263_67931763,6
United_Kingdom_Series_Films_21305064_182602753,6
France_News_21771804_161089006,6
United_Kingdom_Music_27757159_199583787,6
United_Kingdom_Documentary_20675268_181374833,6
France_News_26922001_174145340,6
United_Kingdom_Documentary_27586087_193686613,6
Germany_Entertainment_21649178_183325939,6
Germany_Series_Films_15767615_169984131,6
United_Kingdom_Talk_9368666_159601580,6
France_Entertainment_25149615_168262789,6
France_Entertainment_26939437_175980722,6
France_Entertainment_26934835_173073109,6
Spain_Children_958983_69969113,6
France_News_21792330_165827517,6
Spain_Talk_1884317_68556363,6
Spain_Series_Films_174816_71107859,6
Spain_Children_4530386_104452416,6
France_Talk_25150297_168888103,6
France_Music_20281480_156771874,6
Germany_Documentary_20031604_180372182,6
Germany_Talk_10251678_163988662,6
United_Kingdom_Talk_12338431_167813009,6
United_Kingdom_Music_27586831_195965569,6
United_Kingdom_Series_Films_12337373_167522127,6
Spain_Documentary_2445333_65894599,6
Germany_Talk_24123145_188738661,6
Spain_Sports_1168657_69611943,6
Germany_Documentary_24848519_190144487,6
Germany_Entertainment_17601773_176586160,6
France_Talk_25148481_167435589,6
United_Kingdom_Documentary_16591133_173466415,6
Germany_Entertainment_13727945_170753213,6
United_Kingdom_Talk_13129299_168471551,6
Spain_News_4373306_101197120,6
Germany_News_16188289_174167250,6
Germany_News_14180947_168143877,6
United_Kingdom_News_12339927_167976633,6
Germany_Series_Films_24550637_190510743,6
United_Kingdom_Music_27586927_196270693,6
Spain_Documentary_2309715_67923405,6
Germany_Sports_16982261_175432994,6
France_Talk_20292796_159553222,6
Germany_Entertainment_11100748_167239323,6
United_Kingdom_Entertainment_15048817_171404949,6
Spain_Talk_143602_71588657,6
Spain_Music_3542247_85556803,6
Spain_News_2983563_76678903,6
Spain_Documentary_1103215_69701239,7
France_Talk_20290742_158123284,7
France_Series_Films_21787836_162291012,7
Spain_Children_1484043_69157175,7
Germany_News_24848555_190248207,7
Germany_Series_Films_23718489_187320573,7
France_Music_21764104_161009768,7
United_Kingdom_News_10490736_164103270,7
Germany_Sports_22205126_183979627,7
France_Series_Films_21758386_161534684,7
France_Entertainment_20291078_158348190,7
Germany_Documentary_23716119_188002183,7
United_Kingdom_Talk_15901809_172050805,7
France_Documentary_27318955_178810054,7
Spain_Entertainment_1639215_68934763,7
United_Kingdom_Music_25482183_190651503,7
United_Kingdom_Sports_15048407_170035609,7
United_Kingdom_News_20226176_179894888,7
United_Kingdom_Sports_27627305_199746941,7
France_Sports_21774454_162509770,7
United_Kingdom_Entertainment_27624469_198443375,7
Spain_Music_2135069_68149459,7
Spain_Music_2477267_66481925,7
France_Sports_24519341_170280399,7
France_Music_21760070_162933728,7
France_Sports_21770372_165632127,7
United_Kingdom_Entertainment_12002430_167000925,7
Spain_Music_438035_70776705,7
Spain_Sports_868578_70142355,7
Germany_Documentary_13123285_169948509,7
France_Music_21758028_161220654,7
Germany_Talk_10251876_164487004,7
Spain_Children_3205885_80159895,7
France_News_21760656_163405860,7
Germany_Documentary_10741884_166354771,7
France_Documentary_26936621_174230216,7
Spain_News_1743915_68770059,7
Spain_Entertainment_22829245_181728593,7
United_Kingdom_Entertainment_11381402_166790913,7
France_Entertainment_26923071_175241088,7
Spain_Documentary_551544_70625693,7
France_Talk_20294504_160681162,7
Germany_Talk_12975485_169756769,7
Germany_Entertainment_19039888_179095360,7
France_Entertainment_26953589_176091682,7
United_Kingdom_News_16591221_173791373,7
Spain_Entertainment_17695331_175086554,7
Spain_Entertainment_1691667_68849599,7
Germany_Talk_23721387_187517127,7
Spain_Entertainment_13255389_167882709,7
United_Kingdom_News_24387817_187834221,7
Spain_Entertainment_9207540_159969758,7
United_Kingdom_Music_26219435_192470317,7
Spain_Entertainment_1501945_69130419,7
France_Series_Films_21762222_164845190,7
United_Kingdom_Entertainment_24607279_188550965,7
Spain_Music_3424911_83684357,7
Spain_Entertainment_17591623_174752388,7
Spain_Sports_1695801_68840023,7
United_Kingdom_Documentary_24606269_188504487,7
Germany_Sports_25218669_191485725,7
Germany_News_13565267_170153565,7
United_Kingdom_Documentary_23026381_183703073,7
France_News_21777938_164507286,7
United_Kingdom_Music_27586445_194780673,7
United_Kingdom_Talk_24607771_189747577,7
Spain_Music_3295467_81609359,7
Spain_Talk_1617609_68967273,7
Germany_Series_Films_21334780_182759107,7
France_News_27352243_182845719,7
France_News_20295240_155716780,7
Spain_Music_3073147_78017661,7
Spain_Talk_2305565_67929123,7
United_Kingdom_Entertainment_25483397_191214553,7
Germany_Entertainment_23718607_187747377,7
United_Kingdom_Series_Films_25791723_190675807,7
United_Kingdom_Entertainment_12336263_167291523,7
United_Kingdom_Entertainment_17435423_175067768,7
Germany_Series_Films_23157301_184858215,7
Germany_Documentary_20195364_180741210,7
Germany_Talk_14186329_170839895,7
France_Talk_20287184_155825008,7
United_Kingdom_Music_27587115_196875761,7
Spain_Talk_3859515_91198931,7
Spain_Talk_1082499_69744963,7
Spain_Series_Films_2652213_71443807,7
United_Kingdom_Talk_16687421_174186534,7
Germany_Sports_26060505_193145817,7
United_Kingdom_Documentary_19527794_179210046,7
Spain_Documentary_750302_70372541,7
France_Entertainment_21764650_161363310,7
France_Series_Films_21762706_165324019,7
France_Entertainment_21771320_160862588,7
United_Kingdom_News_20988140_181308787,7
Spain_Children_4164854_96898366,7
France_Sports_21792446_165955719,7
Germany_Talk_10308338_165661189,7
Germany_News_26583391_194110537,7
United_Kingdom_Series_Films_22294252_183672887,7
United_Kingdom_Series_Films_17335063_175226424,7
Spain_Music_115352_71066149,7
Germany_Series_Films_12156441_168029729,7
Spain_Children_556592_70618715,7
Germany_Series_Films_26680059_193750853,7
Germany_Sports_24846883_188047945,7
France_Talk_25148523_167469777,7
United_Kingdom_Series_Films_10489168_162274196,7
Spain_Series_Films_757464_70361663,7
Spain_Series_Films_746732_70376759,7
United_Kingdom_News_27595573_193025993,7
Germany_Sports_23721483_187801475,7
United_Kingdom_Sports_25379519_189993479,7
Spain_Music_1173235_69608413,7
France_Sports_26861171_189191567,7
Spain_Sports_150224_71626811,7
France_News_26932329_177161826,7
United_Kingdom_Entertainment_24606395_188989011,7
Spain_Children_840936_70185051,7
Germany_Entertainment_15974571_173753155,7
United_Kingdom_Series_Films_15048469_170256791,7
Spain_Sports_3465919_84378849,7
United_Kingdom_Series_Films_22821325_184181937,7
Germany_News_19824472_180713748,7
Spain_Children_1665067_68893983,7
Spain_Series_Films_577604_70596271,7
Spain_Talk_3894823_91823111,7
Spain_Sports_5581934_120563998,7
Spain_Documentary_101066_71587093,7
Spain_Entertainment_7290493_138688123,7
United_Kingdom_Music_24606617_189713989,7
United_Kingdom_News_27595993_194926851,7
France_Sports_24519297_170263815,7
Germany_Series_Films_19042840_179717608,7
United_Kingdom_Sports_23978087_187981937,7
Germany_Series_Films_26161373_192463093,7
Germany_Documentary_21006506_182040829,7
Germany_Talk_23721017_186456031,7
United_Kingdom_Talk_27596307_196308511,7
France_Documentary_26950733_173548309,7
Germany_Series_Films_19718916_179974584,7
Germany_Sports_26060507_193145817,7
Spain_Entertainment_686112_70450433,7
United_Kingdom_Entertainment_24609083_189207097,7
United_Kingdom_News_10488130_162844026,7
United_Kingdom_News_20226148_179790720,7
France_Series_Films_21773820_162209614,7
France_Music_21758068_161250620,7
France_Talk_26853633_188643597,7
Spain_News_2252593_67990895,7
Germany_Sports_23715037_187484703,7
Spain_Talk_3489403_84735237,7
United_Kingdom_Music_27624557_198696885,7
Germany_Documentary_23716115_187985811,7
Spain_Children_4117558_95989410,7
Spain_Talk_3348417_82438315,7
Germany_Talk_25320571_191056213,7
Germany_Documentary_9304812_158016614,7
United_Kingdom_Sports_15796829_171543859,7
Spain_Music_2486455_66647375,7
United_Kingdom_Music_27757233_199801833,7
United_Kingdom_News_9555590_162505072,7
France_Sports_20279894_155583918,7
United_Kingdom_News_15798131_172855797,7
Spain_News_5960746_124745304,7
Spain_Music_4205854_97696552,8
Germany_Talk_21005596_182138727,8
Spain_Talk_4065746_94940766,8
United_Kingdom_Sports_13407273_168630585,8
Germany_Series_Films_15767621_169992027,8
France_News_26944197_178718760,8
Spain_Sports_2153573_68123365,8
France_Entertainment_26941129_176896578,8
Spain_Music_103486_71442967,8
France_News_26860693_188014613,8
France_Documentary_27333391_180779516,8
France_Entertainment_20279872_155549536,8
United_Kingdom_News_12337367_167471127,8
Spain_News_1204467_69565375,8
United_Kingdom_Documentary_23774827_186500733,8
Spain_Entertainment_4425354_102295526,8
Germany_Talk_20195368_180762404,8
Spain_Documentary_1613075_68972861,8
Spain_Talk_4024344_94239650,8
Spain_Series_Films_4555818_105089746,8
France_Children_27341901_181865981,8
Spain_Children_3554001_85774219,8
United_Kingdom_News_9553612_161657616,8
Spain_Entertainment_41214_71077533,8
United_Kingdom_News_25482245_190844149,8
Spain_Music_103676_71409533,8
United_Kingdom_Talk_17952366_175938172,8
Germany_Documentary_10560000_165984611,8
France_Series_Films_21762186_164800750,8
Germany_Documentary_17078361_175721202,8
Spain_Sports_24006911_185794209,8
Spain_Music_4578032_105174248,8
France_Series_Films_21760096_162956396,8
France_Documentary_20313242_158281270,8
Spain_Documentary_2819647_74110315,8
Spain_News_3842149_90917573,8
Germany_Entertainment_16979477_175778502,8
France_Music_21757972_161190086,8
Germany_Talk_21339380_182620265,8
Germany_Sports_26062395_190061531,8
United_Kingdom_Sports_27585831_192759663,8
Spain_Music_4472512_103298974,8
France_Entertainment_21768324_164045124,8
France_Music_21774694_162691120,8
United_Kingdom_Sports_24287847_187474409,8
Germany_Entertainment_23157351_185004433,8
Spain_Talk_2459373_66162385,8
France_Documentary_20298296_157277674,8
Germany_Series_Films_22206714_183899151,8
United_Kingdom_Sports_27625253_198836975,8
United_Kingdom_Sports_13407283_168672597,8
Spain_Music_716390_70415155,8
United_Kingdom_Talk_22820991_183077291,8
United_Kingdom_News_16484659_174188030,8
Spain_Music_1787159_68706371,8
Spain_News_1497141_69140771,8
Germany_Talk_17813385_177107002,8
France_Series_Films_21790978_164708460,8
France_Sports_26860695_188014613,8
United_Kingdom_Music_21303902_181693687,8
United_Kingdom_Entertainment_27757081_199366825,8
Spain_News_5567216_120353578,8
France_Documentary_26854971_185476087,8
France_News_21758060_161250620,8
Spain_Sports_3289729_81594151,8
France_Sports_26926419_178449010,8
Spain_Entertainment_1168625_69614133,8
France_Series_Films_21769572_164978746,8
United_Kingdom_Documentary_9555514_162362460,8
Germany_Series_Films_17398537_176568334,8
Germany_Sports_19150408_179348084,8
United_Kingdom_News_27595899_194469025,8
Germany_Documentary_10741918_166492355,8
United_Kingdom_Entertainment_27595563_192993399,8
United_Kingdom_Sports_27595495_192586711,8
France_News_26933329_177941820,8
Spain_Series_Films_26555535_190374257,8
United_Kingdom_Talk_21420598_182110279,8
United_Kingdom_Series_Films_27591389_195874339,8
France_Sports_27323237_183061187,8
Spain_Talk_145008_71546717,8
Germany_Sports_24852071_190301771,8
United_Kingdom_Talk_13272199_168488923,8
United_Kingdom_Music_24606583_189594455,8
Germany_Talk_23714591_186279327,8
United_Kingdom_Series_Films_11219570_166335889,8
United_Kingdom_Music_26219339_192124525,8
Germany_Talk_21914294_183811105,8
United_Kingdom_Entertainment_23774417_186991329,8
Germany_Documentary_12159419_168592581,8
France_Entertainment_26925081_177212432,8
Spain_Music_3132263_78985541,8
Germany_News_23719263_186823223,8
Spain_Music_582790_70591249,8
United_Kingdom_Entertainment_23775203_187455771,8
Germany_Sports_17077341_175812812,8
Spain_News_3096595_78447897,8
Spain_Documentary_2555659_68224617,8
France_Sports_26937361_174729302,8
Spain_Series_Films_1663503_68900717,8
Germany_News_17081493_175904626,8
United_Kingdom_Series_Films_10488154_162893004,8
Germany_Children_17290453_176096426,8
Germany_News_24235327_189187429,8
Germany_Talk_9541376_162769880,8
Spain_Children_443461_70763769,8
Spain_Sports_4135064_96373726,8
France_Music_21785786_160799690,8
Germany_Documentary_25948795_192968071,8
Spain_Documentary_3973748_93274832,8
France_Entertainment_26852959_187216513,8
Germany_Series_Films_10739034_166483783,8
United_Kingdom_Music_24606425_189089045,8
France_Music_21764196_161059726,8
Spain_Documentary_3430519_83825305,8
France_Sports_26850481_187454261,8
France_Entertainment_26860683_187998351,8
Spain_Documentary_1492705_69143619,8
United_Kingdom_Sports_27587279_197300681,8
France_Series_Films_21760560_163333180,8
Germany_News_16343063_173980199,8
United_Kingdom_News_10576628_164388568,8
Spain_Sports_61488_71592957,8
Spain_Entertainment_1739359_68775503,8
France_Sports_26856547_188991807,8
Germany_Documentary_15039303_172288797,8
Germany_Series_Films_21446330_183544405,8
Spain_Children_1604279_68983429,8
United_Kingdom_Talk_16899179_174404710,8
Germany_Talk_19150402_179339776,8
France_Documentary_25148035_167023857,8
Germany_Entertainment_23718153_186189603,8
France_News_25148541_167478581,8
United_Kingdom_Sports_19756602_179162384,8
France_Entertainment_26931393_176474192,8
Spain_Series_Films_2283955_67952889,8
Spain_Sports_1249203_69504813,8
United_Kingdom_Sports_25124971_188053931,8
Spain_Documentary_1528065_69097537,8
Germany_Entertainment_21116468_182302879,8
Germany_Series_Films_15039177_171789311,8
Germany_Series_Films_20695210_181431287,8
France_Series_Films_21786274_161119842,8
United_Kingdom_Documentary_22294144_183444945,8
Spain_Sports_4544058_104854814,8
Spain_Documentary_107804_71593367,8
Spain_Series_Films_1099031_69702093,8
United_Kingdom_Music_27586013_193496811,8
France_News_21762690_165306877,8
France_Music_27320951_180799670,8
Spain_Children_741510_70383075,8
Spain_News_27553869_196712887,8
United_Kingdom_News_27595619_193290603,8
France_Talk_27335391_182337853,8
France_Sports_26950277_173097917,8
Germany_Documentary_19490074_180380216,8
United_Kingdom_Sports_16900223_173827101,8
Spain_Entertainment_1945951_68444699,8
Spain_Children_676030_70479375,8
France_Documentary_27341367_181449375,8
Spain_Series_Films_3477775_84596841,8
United_Kingdom_Music_27586811_195858295,8
Germany_Documentary_15875121_171447513,8
Germany_Sports_26062393_190043089,8
Spain_Entertainment_1467117_69180817,9
Germany_Sports_24123093_188590959,9
United_Kingdom_Series_Films_26328133_192478517,9
France_News_25150497_169050447,9
France_Entertainment_20290732_158092120,9
Germany_Series_Films_17911502_177237510,9
Spain_Series_Films_2432573_65685141,9
Germany_News_23718251_186488203,9
Germany_Talk_21217152_182413765,9
United_Kingdom_Children_23776323_185993077,9
Germany_Documentary_12324527_168805507,9
Spain_Sports_2037437_68293539,9
France_Documentary_26939401_175957702,9
Spain_Talk_4176526_97153308,9
United_Kingdom_Series_Films_21303876_181561063,9
Germany_Sports_10345186_165847801,9
United_Kingdom_Series_Films_21420098_180144024,9
France_Sports_26855461_186624943,9
France_Music_26856581_189066317,9
United_Kingdom_Entertainment_21305126_182757761,9
Germany_News_23715457_185967847,9
Spain_Series_Films_1713783_68815037,9
Spain_Documentary_146986_71352509,9
France_Talk_26930985_176173462,9
Germany_Series_Films_19718878_179852878,9
France_Entertainment_21769794_165166848,9
Germany_News_12321593_168320805,9
France_Series_Films_21763596_166156635,9
Germany_News_16868431_175399980,9
Germany_Documentary_23715871_187246499,9
United_Kingdom_Talk_17224929_175343964,9
United_Kingdom_Documentary_15452841_171129335,9
United_Kingdom_Music_27586641_195298483,9
Spain_Entertainment_1791105_68698387,9
Spain_Documentary_9312530_155960500,9
France_Documentary_25154821_172551743,9
United_Kingdom_Documentary_23774973_186835809,9
France_Series_Films_21760476_163263924,9
Germany_Documentary_21006496_182009805,9
Spain_Documentary_173280_71399223,9
Germany_Series_Films_9541668_163437234,9
France_Sports_21770772_166009041,9
Germany_Series_Films_23813777_188328495,9
United_Kingdom_News_27624511_198545427,9
Germany_Talk_17710437_177004136,9
United_Kingdom_Music_26219311_192047991,9
Spain_Entertainment_1897757_68521285,9
Spain_Entertainment_4111544_95888242,9
France_Series_Films_21790896_164629084,9
France_Documentary_26952973_175561832,9
United_Kingdom_Music_27624601_199185855,9
United_Kingdom_Talk_13408413_168952717,9
Germany_Documentary_15039243_172075975,9
France_Talk_26927215_173129735,9
United_Kingdom_Talk_11218534_166299759,9
United_Kingdom_Documentary_13409381_169324445,9
Germany_Series_Films_20909736_181832069,9
Spain_News_4537870_104733188,9
Spain_News_8149256_149459176,9
Spain_Music_1137209_69658777,9
Germany_Entertainment_18120298_174867058,9
Spain_Children_4287736_99382522,9
Spain_Talk_3736845_89011635,9
France_Music_21761536_164171720,9
Germany_Talk_19717274_179844684,9
United_Kingdom_Music_27757193_199714093,9
Germany_Talk_16343153_174263602,9
Germany_Series_Films_26473217_192984723,9
Spain_Talk_1924317_68479133,9
France_Music_21792792_166221949,9
United_Kingdom_Talk_16372059_172912645,9
Germany_Music_15034623_171431623,9
Spain_News_5164762_116926436,9
France_News_26925663_177711612,9
Germany_Series_Films_12657723_169338457,9
France_Talk_27337525_184439491,9
France_News_27321287_181120132,9
Germany_News_20585378_181297303,9
United_Kingdom_News_9555186_161591818,9
Spain_Series_Films_6619854_131707624,9
Germany_Documentary_9304170_155781394,9
Germany_News_20026790_180339342,9
Germany_Documentary_9305332_159969762,9
France_Sports_21765206_161753296,9
Spain_Documentary_172672_71491643,9
Germany_Talk_15434525_172681541,9
Spain_News_5602088_120687086,9
France_Documentary_26853125_187582027,9
Germany_Series_Films_16552279_172167903,9
France_Series_Films_21790396_164169942,9
France_Documentary_26851993_191009671,9
Spain_Sports_2472751_66442675,9
France_Sports_26852435_186015787,9
Spain_Sports_2270429_67966863,9
Germany_Series_Films_21336724_183248817,9
United_Kingdom_News_26218275_192110551,9
Spain_Documentary_20896024_181814541,9
United_Kingdom_News_17952614_176486346,9
France_Music_21758474_161603572,9
Germany_Music_23718125_186084775,9
Germany_Documentary_23715375_185745451,9
Germany_Sports_26062447_190194813,9
France_Talk_20289184_157104486,9
Spain_Series_Films_6564584_131796276,9
Spain_Entertainment_20321320_180447506,9
Spain_Music_4333124_100294482,9
Spain_News_4298860_99643828,9
France_Sports_21763074_165684473,9
Spain_Series_Films_845940_70169061,9
Spain_Documentary_4258108_98793184,9
Spain_News_8342016_152303636,9
United_Kingdom_Sports_24182545_187895777,9
Germany_Talk_21223478_182579225,9
United_Kingdom_Series_Films_23774393_186944417,9
Spain_Music_994041_69900507,9
Spain_Children_1244777_69508573,9
Germany_Entertainment_11008072_166927191,9
Spain_Children_1133217_69660465,9
France_Talk_27334911_181961535,9
France_Talk_26930821_176041516,9
France_Series_Films_21758548_161667112,9
Spain_Sports_2838029_74379167,9
Spain_Talk_3865363_91308439,9
Spain_Music_4460770_103046058,9
Germany_Series_Films_10653440_166301235,9
France_Series_Films_21759518_162445186,9
Germany_Entertainment_17601815_176709410,9
United_Kingdom_Music_24606493_189292947,9
Spain_Series_Films_1739391_68778571,9
Spain_News_3853487_91110845,9
France_Music_21787752_162225784,9
United_Kingdom_Entertainment_20062438_179719362,9
Spain_Sports_4508222_104148010,9
United_Kingdom_Sports_17222747_174523680,9
France_Entertainment_27349095_180902986,9
United_Kingdom_Documentary_17435431_175098642,9
Spain_News_970991_69944545,9
Germany_News_13565321_170306595,9
United_Kingdom_Sports_12336249_167214969,9
United_Kingdom_Talk_9555734_162826390,9
Germany_Talk_19150358_179193452,9
Germany_Series_Films_24124787_188877057,9
Germany_Entertainment_9539624_163228422,9
Germany_Series_Films_9541698_163508126,9
Spain_Talk_582880_70588843,9
United_Kingdom_Entertainment_17334933_174827644,9
Spain_News_6735908_133711074,9
Spain_News_1508541_69125219,9
France_Talk_26853043_187395079,9
United_Kingdom_Talk_14825177_170048033,9
France_Entertainment_20283906_158625598,9
France_Documentary_26850361_187154397,9
Germany_News_24129435_188599399,9
Germany_News_24847753_187713533,9
France_Talk_25154201_172043347,9
United_Kingdom_News_9368354_158949990,9
United_Kingdom_Sports_27586299_194308393,9
France_Documentary_26922625_174815942,9
Spain_Music_1647905_68925963,9
Germany_Documentary_16343195_174404500,9
Germany_Documentary_13398765_167939853,9
United_Kingdom_Documentary_10578948_165420615,9
Germany_Sports_24647903_187499173,9
United_Kingdom_Talk_17014421_174240232,9
